{
  "title": "KPIs del Proyecto",
  "subtitle": "Métricas clave que demuestran el impacto y valor esperado de Markezy para la gestión interna de la red de franquicias Serseo",
  "kpis": [
    {
      "id": "active-agencies",
      "icon": "users",
      "value": "30",
      "title": "Agencias Activas",
      "description": "Agencias franquiciadas usando la plataforma de gestión interna",
      "color": "primary"
    },
    {
      "id": "projects-delivered",
      "icon": "trending-up",
      "value": "500+",
      "title": "Proyectos Entregados",
      "description": "Proyectos completados mensualmente con sistema de 7 fases",
      "color": "primary"
    },
    {
      "id": "time-reduction",
      "icon": "clock",
      "value": "60%",
      "title": "Reducción Tiempo",
      "description": "Mejora en tiempo de gestión vs procesos manuales",
      "color": "primary"
    },
    {
      "id": "client-satisfaction",
      "icon": "percent",
      "value": "85%+",
      "title": "Satisfacción Cliente",
      "description": "Clientes satisfechos con el proceso de onboarding y seguimiento",
      "color": "primary"
    },
    {
      "id": "communication-efficiency",
      "icon": "target",
      "value": "95%",
      "title": "Eficiencia Comunicación",
      "description": "Tickets y consultas resueltos dentro del SLA establecido",
      "color": "primary"
    },
    {
      "id": "task-completion",
      "icon": "star",
      "value": "95%",
      "title": "Tareas Completadas",
      "description": "Tareas completadas en tiempo según planificación Kanban",
      "color": "primary"
    }
  ],
  "summary": {
    "title": "Métricas de Impacto Operativo",
    "description": "Estos KPIs han sido diseñados específicamente para medir el impacto de Markezy en la eficiencia operativa de la red de franquicias Serseo. Cada métrica refleja objetivos cuantificables que demuestran la transformación digital de la gestión interna y el retorno de inversión en automatización."
  },
  "icons": {
    "users": {
      "viewBox": "0 0 24 24",
      "paths": [
        "M16 21v-2a4 4 0 0 0-4-4H6a4 4 0 0 0-4 4v2",
        "M22 21v-2a4 4 0 0 0-3-3.87",
        "M16 3.13a4 4 0 0 1 0 7.75"
      ],
      "circles": [
        { "cx": "9", "cy": "7", "r": "4" }
      ]
    },
    "trending-up": {
      "viewBox": "0 0 24 24",
      "paths": [
        "M16 7 22 7 22 13"
      ],
      "polylines": [
        "22 7 13.5 15.5 8.5 10.5 2 17",
        "16 7 22 7 22 13"
      ]
    },
    "percent": {
      "viewBox": "0 0 24 24",
      "paths": [],
      "lines": [
        { "x1": "19", "x2": "5", "y1": "5", "y2": "19" }
      ],
      "circles": [
        { "cx": "6.5", "cy": "6.5", "r": "2.5" },
        { "cx": "17.5", "cy": "17.5", "r": "2.5" }
      ]
    },
    "clock": {
      "viewBox": "0 0 24 24",
      "paths": [],
      "circles": [
        { "cx": "12", "cy": "12", "r": "10" }
      ],
      "polylines": [
        "12 6 12 12 16 14"
      ]
    },
    "target": {
      "viewBox": "0 0 24 24",
      "paths": [],
      "circles": [
        { "cx": "12", "cy": "12", "r": "10" },
        { "cx": "12", "cy": "12", "r": "6" },
        { "cx": "12", "cy": "12", "r": "2" }
      ]
    },
    "star": {
      "viewBox": "0 0 24 24",
      "paths": [
        "M12 2 15.09 8.26 22 9.27 17 14.14 18.18 21.02 12 17.77 5.82 21.02 7 14.14 2 9.27 8.91 8.26 12 2"
      ]
    }
  }
} 