Phase/Feature,Type,Task,Min H,Max H,Min Cost,Max Cost
01 Inicialización / Base,CTO/Arquitectura,Configurar arquitectura del proyecto y entorno Docker,4,6,200,300
01 Inicialización / Base,Desarrollo Backend,Inicializar proyecto Django con estructura multi-tenant,3,4,150,200
01 Inicialización / Base,Desarrollo Frontend,Configurar proyecto React con TypeScript y librería de componentes UI,3,4,120,160
01 Inicialización / Base,Diseño UI/UX,Crear wireframes y sistema de diseño para interfaz Lead Magnet,3,4,120,160
01 Inicialización / Base,CTO/Arquitectura,Configurar esquema base de datos MySQL con aislamiento de tenants,2,3,100,150
01 Inicialización / Base,Desarrollo Backend,Configurar Redis y Celery para procesamiento en segundo plano,2,3,100,150
01 Inicialización / Base,Reuniones,Sesión técnica de kickoff y revisión de arquitectura,1,2,0,0
02 Autenticación de Usuarios,Desarrollo Backend,Implementar autenticación JWT con control de acceso basado en roles,4,6,200,300
02 Autenticación de Usuarios,Desarrollo Backend,Crear sistema de gestión de usuarios multi-tenant,3,5,150,250
02 Autenticación de Usuarios,Desarrollo Frontend,Construir interfaz login/logout y rutas protegidas,3,4,120,160
02 Autenticación de Usuarios,Desarrollo Backend,Implementar flujos de invitación de agencias y usuarios,2,3,100,150
02 Autenticación de Usuarios,Testeo,Pruebas de autenticación y autorización,1,2,35,70
03 Interfaz Conversacional Lead Magnet,Diseño UI/UX,Diseñar layout de interfaz conversacional y flujo de usuario,2,3,80,120
03 Interfaz Conversacional Lead Magnet,Desarrollo Frontend,Construir interfaz de chat con historial de mensajes e indicadores,5,7,200,280
03 Interfaz Conversacional Lead Magnet,Desarrollo Backend,Crear gestión de estado de conversación y persistencia,4,6,200,300
03 Interfaz Conversacional Lead Magnet,Desarrollo Backend,Implementar lógica de flujo dinámico de preguntas,3,5,150,250
03 Interfaz Conversacional Lead Magnet,Prompting,Diseñar prompts conversacionales para calificación de leads en español,3,4,105,140
03 Interfaz Conversacional Lead Magnet,Desarrollo Backend,Integrar API OpenAI para procesamiento de lenguaje natural,3,4,150,200
03 Interfaz Conversacional Lead Magnet,Testeo,Pruebas de flujo conversacional y gestión de estado,2,3,70,105
04 Motor de Generación de Estrategias IA,Prompting,Desarrollar prompts de metodología SERSEO para generación de estrategias,5,7,175,245
04 Motor de Generación de Estrategias IA,Desarrollo Backend,Construir pipeline de generación de estrategias con integración OpenAI,4,6,200,300
04 Motor de Generación de Estrategias IA,Desarrollo Frontend,Implementar interfaz de vista previa de estrategia en vivo,4,6,160,240
04 Motor de Generación de Estrategias IA,Testeo,Pruebas de calidad y rendimiento de generación de estrategias,2,3,70,105
05 Gestión de Leads e Integración Clientify,Desarrollo Backend,Crear modelo de datos de leads y operaciones CRUD básicas,2,3,100,150
05 Gestión de Leads e Integración Clientify,Desarrollo Frontend,Construir dashboard de leads con filtrado y búsqueda,4,6,160,240
05 Gestión de Leads e Integración Clientify,Desarrollo Backend,Implementar integración API Clientify con lógica de reintentos,4,6,200,300
05 Gestión de Leads e Integración Clientify,Desarrollo Frontend,Añadir vista detalle de lead con historial de conversación,3,4,120,160
05 Gestión de Leads e Integración Clientify,Testeo,Pruebas de gestión de leads e integración,2,3,70,105
06 Exportación de Estrategias PDF,Desarrollo Backend,Configurar librería de generación PDF y motor de plantillas,2,3,100,150
06 Exportación de Estrategias PDF,Diseño UI/UX,Diseñar layout profesional PDF con elementos de branding,1,2,40,80
06 Exportación de Estrategias PDF,Desarrollo Backend,Implementar generación dinámica PDF con contenido de estrategia,4,6,200,300
06 Exportación de Estrategias PDF,Desarrollo Backend,Añadir sistema de configuración de branding de agencia,2,3,100,150
06 Exportación de Estrategias PDF,Desarrollo Frontend,Crear interfaz de descarga y compartición de PDF,2,3,80,120
06 Exportación de Estrategias PDF,Testeo,Pruebas de rendimiento y calidad de generación PDF,1,2,35,70
08 Responsive Móvil y Pulido UX,Diseño UI/UX,Optimizar interfaz para dispositivos tablet y móviles,1,2,40,80
08 Responsive Móvil y Pulido UX,Desarrollo Frontend,Implementar diseño responsive en todos los componentes,4,6,160,240
08 Responsive Móvil y Pulido UX,Desarrollo Frontend,Añadir estados de carga y mejoras de manejo de errores,2,3,80,120
08 Responsive Móvil y Pulido UX,Testeo,Pruebas de compatibilidad multi-dispositivo,2,3,70,105
99 Finalización,Desarrollo Backend,Configurar entorno de producción y headers de seguridad,2,3,100,150
99 Finalización,CTO/Arquitectura,Configurar deployment Docker Swarm,3,4,150,200
99 Finalización,Testeo,Pruebas end-to-end de journeys completos de usuario,4,6,140,210
99 Finalización,Testeo,Pruebas de rendimiento para conversaciones concurrentes,2,3,70,105
99 Finalización,CTO/Arquitectura,Desplegar en VPS IONOS y configurar monitoreo,2,3,100,150
99 Finalización,Reuniones,Sesión final de revisión y entrega,1,2,0,0
