{
  "title": "Mejoras Futuras",
  "categories": {
    "herramientas": "Herramientas",
    "mejoras": "Mejoras"
  },
  "items": [
    {
      "id": 1,
      "title": "[Herramienta] Gestión de Contenidos IA",
      "description": "Sistema completo de gestión de contenido con asistente IA, workflow de aprobación, calendario editorial y generación automática",
      "category": "herramientas"
    },
    {
      "id": 2,
      "title": "[Herramienta] SaaS para Agencias Externas",
      "description": "Plataforma comercial para agencias de marketing no franquiciadas con planes de suscripción y facturación automática",
      "category": "herramientas"
    },
    {
      "id": 3,
      "title": "[Herramienta] Marketplace de Servicios",
      "description": "Plataforma de intercambio de servicios entre agencias franquiciadas con sistema de reputación y pagos",
      "category": "herramientas"
    },
    {
      "id": 4,
      "title": "[Herramienta] App Móvil Nativa",
      "description": "Aplicaciones iOS y Android con gestión offline de proyectos, notificaciones push y autenticación biométrica",
      "category": "herramientas"
    },
    {
      "id": 5,
      "title": "[Mejora] Integración Avanzada CRM",
      "description": "Conexión con múltiples CRMs (HubSpot, Salesforce, Pipedrive) con sincronización bidireccional de datos",
      "category": "mejoras"
    },
    {
      "id": 6,
      "title": "[Mejora] Sistema de Facturación",
      "description": "Gestión completa de facturación con integración Stripe, planes de suscripción y límites de uso por agencia",
      "category": "mejoras"
    },
    {
      "id": 7,
      "title": "[Mejora] Dominios Personalizados",
      "description": "Configuración de subdominios custom por agencia (ej: agencia.markezy.com) con SSL automático y branding",
      "category": "mejoras"
    },
    {
      "id": 8,
      "title": "[Mejora] Integración Redes Sociales",
      "description": "Conexión directa con APIs de Facebook, LinkedIn, Instagram y Twitter para publicación automática de contenido",
      "category": "mejoras"
    },
    {
      "id": 9,
      "title": "[Mejora] Widget WordPress Embebible",
      "description": "Componente JavaScript para integrar el Lead Magnet directamente en sitios web de agencias como widget",
      "category": "mejoras"
    },
    {
      "id": 10,
      "title": "[Mejora] Cumplimiento RGPD Avanzado",
      "description": "Sistema completo de gestión de consentimientos, políticas de retención, exportación de datos y trazabilidad",
      "category": "mejoras"
    },
    {
      "id": 11,
      "title": "[Mejora] Integración Email Marketing",
      "description": "Automatización de secuencias de follow-up con templates personalizables y tracking avanzado de engagement",
      "category": "mejoras"
    },
    {
      "id": 12,
      "title": "[Mejora] IA Predictiva",
      "description": "Sistema de predicción de resultados de marketing basado en datos históricos y machine learning",
      "category": "mejoras"
    }
  ]
} 