{
  "metadata": {
    "totalRequirements": 27,
    "totalHours": 284.2,
    "totalAreas": 11,
    "lastUpdated": "2024-06-18",
    "location": "Terrassa, España"
  },
  "functionalAreas": [
    {
      "id": "arquitectura",
      "title": "Arquitectura e Infraestructura",
      "description": "Configuración base del sistema, contenedores y servicios backend",
      "totalRequirements": 3,
      "projectPercentage": 8,
      "requirements": [
        {
          "id": "docker-infrastructure",
          "title": "Infraestructura Docker",
          "description": "Configuración de arquitectura del proyecto con entorno Docker y contenedores para desarrollo y producción",
          "priority": "alta",
          "developmentAreas": ["Arquitectura"],
          "priorityColor": "red"
        },
        {
          "id": "database-multitenant",
          "title": "Base de Datos Multi-tenant",
          "description": "Configuración de esquema MySQL con aislamiento completo de datos por agencia y estructura escalable",
          "priority": "alta",
          "developmentAreas": ["Arquitectura", "Backend"],
          "priorityColor": "red"
        },
        {
          "id": "backend-services",
          "title": "Servicios Backend",
          "description": "Configuración de Redis para caché y Celery para procesamiento en segundo plano de tareas pesadas",
          "priority": "alta",
          "developmentAreas": ["Backend"],
          "priorityColor": "red"
        }
      ]
    },
    {
      "id": "autenticacion",
      "title": "Sistema de Autenticación",
      "description": "Gestión completa de usuarios, roles y control de acceso",
      "totalRequirements": 3,
      "projectPercentage": 10,
      "requirements": [
        {
          "id": "jwt-authentication",
          "title": "Autenticación JWT",
          "description": "Sistema de autenticación con tokens JWT y control de acceso basado en roles (SuperAdmin, AgencyAdmin, Agent)",
          "priority": "alta",
          "developmentAreas": ["Backend"],
          "priorityColor": "red"
        },
        {
          "id": "user-management",
          "title": "Gestión de Usuarios Multi-tenant",
          "description": "Sistema completo de gestión de usuarios con aislamiento por agencia y flujos de invitación automática",
          "priority": "alta",
          "developmentAreas": ["Backend"],
          "priorityColor": "red"
        },
        {
          "id": "auth-interfaces",
          "title": "Interfaces de Autenticación",
          "description": "Construcción de interfaces login/logout, rutas protegidas y formularios de gestión de usuarios",
          "priority": "alta",
          "developmentAreas": ["Frontend"],
          "priorityColor": "red"
        }
      ]
    },
    {
      "id": "sistema-usuarios-v2",
      "title": "Sistema de Usuarios Avanzado",
      "description": "Gestión granular de permisos, autenticación social y panel superadmin",
      "totalRequirements": 7,
      "projectPercentage": 15,
      "requirements": [
        {
          "id": "permisos-granulares",
          "title": "Modelo de Permisos Granular",
          "description": "Diseño e implementación de sistema de permisos detallado por rol y nivel de acceso",
          "priority": "alta",
          "developmentAreas": ["Arquitectura", "Backend"],
          "priorityColor": "red"
        },
        {
          "id": "middleware-permisos",
          "title": "Middleware de Permisos",
          "description": "Sistema de verificación de permisos por ruta y acción con control granular",
          "priority": "alta",
          "developmentAreas": ["Backend"],
          "priorityColor": "red"
        },
        {
          "id": "ui-gestion-roles",
          "title": "UI Gestión de Roles",
          "description": "Interfaz para asignar y editar permisos por rol con gestión visual",
          "priority": "alta",
          "developmentAreas": ["Frontend"],
          "priorityColor": "red"
        },
        {
          "id": "auth-google",
          "title": "Autenticación Google",
          "description": "Integración OAuth2 con Google para facilitar el acceso de usuarios",
          "priority": "media",
          "developmentAreas": ["Backend"],
          "priorityColor": "yellow"
        },
        {
          "id": "panel-superadmin",
          "title": "Panel Superadmin",
          "description": "Interfaz de gestión global de agencias con control centralizado",
          "priority": "alta",
          "developmentAreas": ["UI/UX", "Frontend"],
          "priorityColor": "red"
        },
        {
          "id": "crud-agencias",
          "title": "CRUD Agencias",
          "description": "APIs para gestión completa de agencias con datos de plan y licencias",
          "priority": "alta",
          "developmentAreas": ["Backend"],
          "priorityColor": "red"
        }
      ]
    },
    {
      "id": "conversacion",
      "title": "Motor Conversacional",
      "description": "Sistema de chat inteligente con IA para captación de leads",
      "totalRequirements": 3,
      "projectPercentage": 12,
      "requirements": [
        {
          "id": "chat-interface",
          "title": "Interfaz de Chat",
          "description": "Diseño y construcción de interfaz conversacional con historial de mensajes, indicadores de escritura y flujo de usuario optimizado",
          "priority": "alta",
          "developmentAreas": ["Frontend", "UI/UX"],
          "priorityColor": "red"
        },
        {
          "id": "conversation-engine",
          "title": "Motor de Conversación",
          "description": "Gestión de estado de conversación, persistencia de datos y lógica de flujo dinámico de preguntas",
          "priority": "alta",
          "developmentAreas": ["Backend"],
          "priorityColor": "red"
        },
        {
          "id": "ai-integration",
          "title": "Integración IA Conversacional",
          "description": "Integración API OpenAI con prompts especializados para calificación de leads en español y procesamiento de lenguaje natural",
          "priority": "alta",
          "developmentAreas": ["Backend", "Prompting"],
          "priorityColor": "red"
        }
      ]
    },
    {
      "id": "generacion-ia",
      "title": "Generación de Estrategias IA",
      "description": "Motor de inteligencia artificial para crear estrategias de marketing",
      "totalRequirements": 2,
      "projectPercentage": 10,
      "requirements": [
        {
          "id": "serseo-prompting",
          "title": "Prompting Metodología SERSEO",
          "description": "Desarrollo de prompts especializados que implementan la metodología propietaria SERSEO para generación de estrategias de marketing",
          "priority": "alta",
          "developmentAreas": ["Prompting"],
          "priorityColor": "red"
        },
        {
          "id": "strategy-pipeline",
          "title": "Pipeline de Generación",
          "description": "Motor backend de generación de estrategias con integración OpenAI e interfaz de vista previa en tiempo real",
          "priority": "alta",
          "developmentAreas": ["Backend", "Frontend"],
          "priorityColor": "red"
        }
      ]
    },
    {
      "id": "gestion-leads",
      "title": "Gestión de Leads",
      "description": "Sistema de captura, almacenamiento y visualización de leads",
      "totalRequirements": 2,
      "projectPercentage": 8,
      "requirements": [
        {
          "id": "lead-data-model",
          "title": "Modelo de Datos de Leads",
          "description": "Creación del modelo de datos de leads con operaciones CRUD básicas y estructura optimizada para CRM",
          "priority": "alta",
          "developmentAreas": ["Backend"],
          "priorityColor": "red"
        },
        {
          "id": "lead-dashboard",
          "title": "Dashboard de Leads",
          "description": "Panel de visualización con filtrado avanzado, búsqueda y vista detalle de lead con historial de conversación completo",
          "priority": "media",
          "developmentAreas": ["Frontend"],
          "priorityColor": "yellow"
        }
      ]
    },
    {
      "id": "integracion-clientify",
      "title": "Integración CRM Clientify",
      "description": "Sincronización automática con sistema CRM existente",
      "totalRequirements": 1,
      "projectPercentage": 5,
      "requirements": [
        {
          "id": "clientify-api",
          "title": "API Clientify",
          "description": "Implementación de integración con API Clientify incluyendo lógica de reintentos automáticos y manejo de errores",
          "priority": "alta",
          "developmentAreas": ["Backend"],
          "priorityColor": "red"
        }
      ]
    },
    {
      "id": "exportacion-pdf",
      "title": "Exportación de Documentos",
      "description": "Generación de PDFs profesionales con branding personalizado",
      "totalRequirements": 2,
      "projectPercentage": 6,
      "requirements": [
        {
          "id": "pdf-engine",
          "title": "Motor de Generación PDF",
          "description": "Configuración de librería PDF y motor de plantillas para generación dinámica con contenido de estrategia",
          "priority": "media",
          "developmentAreas": ["Backend"],
          "priorityColor": "yellow"
        },
        {
          "id": "pdf-branding",
          "title": "Branding y Descarga PDF",
          "description": "Sistema de configuración de branding por agencia, diseño de layout profesional e interfaz de descarga",
          "priority": "media",
          "developmentAreas": ["Backend", "Frontend", "UI/UX"],
          "priorityColor": "yellow"
        }
      ]
    },
    {
      "id": "gestion-clientes",
      "title": "Gestión de Clientes",
      "description": "Sistema completo de gestión de clientes con onboarding y seguimiento",
      "totalRequirements": 7,
      "projectPercentage": 12,
      "requirements": [
        {
          "id": "modelo-cliente",
          "title": "Modelo Cliente Extendido",
          "description": "Diseño de modelo de datos de cliente con campos de negocio y relaciones",
          "priority": "alta",
          "developmentAreas": ["Backend"],
          "priorityColor": "red"
        },
        {
          "id": "ui-ficha-cliente",
          "title": "UI Ficha Cliente",
          "description": "Diseño de formulario y vista detalle de cliente con información completa",
          "priority": "alta",
          "developmentAreas": ["UI/UX"],
          "priorityColor": "red"
        },
        {
          "id": "crud-cliente",
          "title": "CRUD Cliente",
          "description": "APIs para gestión completa de clientes con operaciones CRUD",
          "priority": "alta",
          "developmentAreas": ["Backend"],
          "priorityColor": "red"
        },
        {
          "id": "ui-gestion-clientes",
          "title": "UI Gestión Clientes",
          "description": "Implementación frontend de alta y edición de clientes",
          "priority": "alta",
          "developmentAreas": ["Frontend"],
          "priorityColor": "red"
        },
        {
          "id": "flujo-onboarding",
          "title": "Flujo Onboarding",
          "description": "Diseño de pasos y estados del proceso de onboarding",
          "priority": "media",
          "developmentAreas": ["UI/UX"],
          "priorityColor": "yellow"
        },
        {
          "id": "tracking-onboarding",
          "title": "Tracking Onboarding",
          "description": "Sistema de seguimiento de progreso del onboarding",
          "priority": "media",
          "developmentAreas": ["Backend"],
          "priorityColor": "yellow"
        },
        {
          "id": "ui-onboarding",
          "title": "UI Onboarding",
          "description": "Interfaz de seguimiento paso a paso del onboarding",
          "priority": "media",
          "developmentAreas": ["Frontend"],
          "priorityColor": "yellow"
        }
      ]
    },
    {
      "id": "gestion-proyectos",
      "title": "Gestión de Proyectos",
      "description": "Sistema de proyectos con plantillas, Kanban y registro de tiempo",
      "totalRequirements": 7,
      "projectPercentage": 12,
      "requirements": [
        {
          "id": "modelo-proyecto",
          "title": "Modelo Proyecto",
          "description": "Estructura de datos para proyectos y fases",
          "priority": "alta",
          "developmentAreas": ["Backend"],
          "priorityColor": "red"
        },
        {
          "id": "plantillas-setup",
          "title": "Plantillas Setup",
          "description": "Sistema de templates de proyecto reutilizables",
          "priority": "alta",
          "developmentAreas": ["Backend"],
          "priorityColor": "red"
        },
        {
          "id": "ui-kanban",
          "title": "UI Kanban",
          "description": "Diseño de vista kanban de tareas con drag-drop",
          "priority": "alta",
          "developmentAreas": ["UI/UX"],
          "priorityColor": "red"
        },
        {
          "id": "backend-kanban",
          "title": "Backend Kanban",
          "description": "APIs para gestión de estados y drag-drop de tareas",
          "priority": "alta",
          "developmentAreas": ["Backend"],
          "priorityColor": "red"
        },
        {
          "id": "frontend-kanban",
          "title": "Frontend Kanban",
          "description": "Implementación drag-drop y estados visuales",
          "priority": "alta",
          "developmentAreas": ["Frontend"],
          "priorityColor": "red"
        },
        {
          "id": "registro-tiempo",
          "title": "Sistema Registro Tiempo",
          "description": "Modelo y APIs para tracking de horas por tarea",
          "priority": "media",
          "developmentAreas": ["Backend"],
          "priorityColor": "yellow"
        },
        {
          "id": "ui-registro-tiempo",
          "title": "UI Registro Tiempo",
          "description": "Interfaz para registro de horas por tarea",
          "priority": "media",
          "developmentAreas": ["Frontend"],
          "priorityColor": "yellow"
        }
      ]
    },
    {
      "id": "comunicacion",
      "title": "Comunicación y Soporte",
      "description": "Sistema de chat interno, tickets y videollamadas",
      "totalRequirements": 7,
      "projectPercentage": 12,
      "requirements": [
        {
          "id": "sistema-mensajeria",
          "title": "Sistema Mensajería",
          "description": "Arquitectura de chat en tiempo real con WebSocket",
          "priority": "alta",
          "developmentAreas": ["Arquitectura"],
          "priorityColor": "red"
        },
        {
          "id": "backend-chat",
          "title": "Backend Chat",
          "description": "Sistema de mensajería con WebSocket y persistencia",
          "priority": "alta",
          "developmentAreas": ["Backend"],
          "priorityColor": "red"
        },
        {
          "id": "ui-chat",
          "title": "UI Chat",
          "description": "Diseño de interfaz de chat por proyecto",
          "priority": "alta",
          "developmentAreas": ["UI/UX"],
          "priorityColor": "red"
        },
        {
          "id": "frontend-chat",
          "title": "Frontend Chat",
          "description": "Chat funcional con tiempo real y notificaciones",
          "priority": "alta",
          "developmentAreas": ["Frontend"],
          "priorityColor": "red"
        },
        {
          "id": "sistema-tickets",
          "title": "Sistema Tickets",
          "description": "Backend para gestión de incidencias y soporte",
          "priority": "alta",
          "developmentAreas": ["Backend"],
          "priorityColor": "red"
        },
        {
          "id": "ui-tickets",
          "title": "UI Tickets",
          "description": "Interfaz de gestión de tickets con filtros",
          "priority": "alta",
          "developmentAreas": ["Frontend"],
          "priorityColor": "red"
        },
        {
          "id": "videollamadas",
          "title": "Integración Videollamadas",
          "description": "Sistema de videochat integrado con tickets",
          "priority": "media",
          "developmentAreas": ["Backend"],
          "priorityColor": "yellow"
        }
      ]
    },
    {
      "id": "metricas",
      "title": "Métricas y KPIs",
      "description": "Sistema de analytics y dashboards por rol",
      "totalRequirements": 6,
      "projectPercentage": 10,
      "requirements": [
        {
          "id": "modelo-analytics",
          "title": "Modelo Analytics",
          "description": "Estructura para métricas multinivel por rol",
          "priority": "alta",
          "developmentAreas": ["Arquitectura"],
          "priorityColor": "red"
        },
        {
          "id": "agregacion-datos",
          "title": "Agregación Datos",
          "description": "Sistema de cálculo de KPIs y métricas",
          "priority": "alta",
          "developmentAreas": ["Backend"],
          "priorityColor": "red"
        },
        {
          "id": "dashboards-kpis",
          "title": "Dashboards KPIs",
          "description": "Diseño de paneles por nivel de usuario",
          "priority": "alta",
          "developmentAreas": ["UI/UX"],
          "priorityColor": "red"
        },
        {
          "id": "ui-metricas",
          "title": "UI Métricas",
          "description": "Implementación de gráficos y tablas interactivas",
          "priority": "alta",
          "developmentAreas": ["Frontend"],
          "priorityColor": "red"
        },
        {
          "id": "filtros-metricas",
          "title": "Filtros Métricas",
          "description": "Sistema de filtrado multinivel para dashboards",
          "priority": "media",
          "developmentAreas": ["Backend"],
          "priorityColor": "yellow"
        },
        {
          "id": "test-metricas",
          "title": "Test Métricas",
          "description": "Validación de cálculos y rendimiento",
          "priority": "media",
          "developmentAreas": ["Testing"],
          "priorityColor": "yellow"
        }
      ]
    },
    {
      "id": "diseno-ux",
      "title": "Diseño y Experiencia de Usuario",
      "description": "Sistema de diseño, responsive y optimización UX",
      "totalRequirements": 2,
      "projectPercentage": 4,
      "requirements": [
        {
          "id": "design-system",
          "title": "Sistema de Diseño",
          "description": "Creación de wireframes, sistema de diseño coherente y componentes UI reutilizables para toda la plataforma",
          "priority": "media",
          "developmentAreas": ["UI/UX"],
          "priorityColor": "yellow"
        },
        {
          "id": "responsive-ux",
          "title": "Responsive y UX",
          "description": "Optimización para dispositivos móviles, implementación responsive en todos los componentes y mejoras de UX",
          "priority": "media",
          "developmentAreas": ["Frontend", "UI/UX"],
          "priorityColor": "yellow"
        }
      ]
    },
    {
      "id": "deployment-testing",
      "title": "Despliegue y Testing",
      "description": "Configuración de producción, testing y deployment final",
      "totalRequirements": 4,
      "projectPercentage": 8,
      "requirements": [
        {
          "id": "production-deployment",
          "title": "Producción y Deployment",
          "description": "Configuración completa de entorno de producción, Docker Swarm, testing end-to-end y despliegue en VPS IONOS con monitoreo",
          "priority": "alta",
          "developmentAreas": ["Arquitectura", "Testing"],
          "priorityColor": "red"
        },
        {
          "id": "pruebas-integracion",
          "title": "Pruebas Integración V2",
          "description": "Testing completo de nuevas funcionalidades de gestión interna",
          "priority": "alta",
          "developmentAreas": ["Testing"],
          "priorityColor": "red"
        },
        {
          "id": "optimizacion-rendimiento",
          "title": "Optimización Rendimiento",
          "description": "Mejoras de performance general y optimización de consultas",
          "priority": "alta",
          "developmentAreas": ["Arquitectura"],
          "priorityColor": "red"
        },
        {
          "id": "documentacion-tecnica",
          "title": "Documentación Técnica",
          "description": "Documentación completa de nuevas funcionalidades y APIs",
          "priority": "media",
          "developmentAreas": ["Arquitectura"],
          "priorityColor": "yellow"
        }
      ]
    }
  ],
  "priorityConfig": {
    "alta": {
      "label": "Alta",
      "colorClasses": "text-red-600 bg-red-50 border-red-200",
      "icon": "circle-alert"
    },
    "media": {
      "label": "Media",
      "colorClasses": "text-yellow-600 bg-yellow-50 border-yellow-200",
      "icon": "circle-alert"
    },
    "baja": {
      "label": "Baja",
      "colorClasses": "text-green-600 bg-green-50 border-green-200",
      "icon": "circle-alert"
    }
  },
  "developmentAreas": [
    {
      "id": "arquitectura",
      "title": "Arquitectura",
      "description": "Diseño de sistemas, infraestructura y configuración técnica",
      "totalHours": 45.3,
      "projectPercentage": 16
    },
    {
      "id": "backend",
      "title": "Desarrollo Backend",
      "description": "APIs, lógica de negocio y servicios del servidor",
      "totalHours": 98.8,
      "projectPercentage": 35
    },
    {
      "id": "frontend",
      "title": "Desarrollo Frontend",
      "description": "Interfaces de usuario, componentes React y experiencia de usuario",
      "totalHours": 79.8,
      "projectPercentage": 28
    },
    {
      "id": "ui-ux",
      "title": "Diseño UI/UX",
      "description": "Diseño de interfaces, wireframes y experiencia de usuario",
      "totalHours": 35.5,
      "projectPercentage": 12
    },
    {
      "id": "prompting",
      "title": "Prompting",
      "description": "Desarrollo de prompts para IA y optimización de modelos",
      "totalHours": 8.0,
      "projectPercentage": 3
    },
    {
      "id": "testing",
      "title": "Testing",
      "description": "Pruebas unitarias, integración y end-to-end",
      "totalHours": 17.4,
      "projectPercentage": 6
    }
  ]
} 